num_vectors,dimension,k,insert_time_ms,search_time_us,avg_result_score
100,64,10,0.103,69.292,1.000000
500,64,10,0.479,415.733,1.000000
1000,64,10,1.006,770.371,1.000000
5000,64,10,5.047,4167.787,1.000000
10000,64,10,10.372,8080.192,1.000000
1000,8,10,0.672,330.471,1.000000
1000,16,10,0.715,419.471,1.000000
1000,32,10,0.811,523.108,1.000000
1000,64,10,0.876,746.171,1.000000
1000,128,10,1.244,1193.212,1.000000
1000,256,10,1.650,2145.417,1.000000
1000,128,1,1.337,1203.050,1.000000
1000,128,5,1.344,1190.921,1.000000
1000,128,10,1.224,1206.371,1.000000
1000,128,50,1.125,1211.892,1.000000
1000,128,100,1.207,1201.462,1.000000
